variant,range,threads,run,elapsed_ms
print-immediately_straight-division,100000,0,1,68.9929
print-immediately_straight-division,100000,0,2,67.2998
print-immediately_straight-division,100000,0,3,65.6478
print-immediately_straight-division,100000,1,1,65.4373
print-immediately_straight-division,100000,1,2,64.109
print-immediately_straight-division,100000,1,3,64.3189
print-immediately_straight-division,100000,2,1,44.462
print-immediately_straight-division,100000,2,2,43.8657
print-immediately_straight-division,100000,2,3,45.6434
print-immediately_straight-division,100000,4,1,62.3897
print-immediately_straight-division,100000,4,2,66.4921
print-immediately_straight-division,100000,4,3,64.0705
print-immediately_straight-division,100000,8,1,178.946
print-immediately_straight-division,100000,8,2,178.822
print-immediately_straight-division,100000,8,3,182.16
print-immediately_straight-division,100000,16,1,334.796
print-immediately_straight-division,100000,16,2,305.543
print-immediately_straight-division,100000,16,3,331.2
print-immediately_straight-division,100000,32,1,385.682
print-immediately_straight-division,100000,32,2,431.507
print-immediately_straight-division,100000,32,3,378.213
print-immediately_divisibility-threads,100000,0,1,69.978
print-immediately_divisibility-threads,100000,0,2,65.672
print-immediately_divisibility-threads,100000,0,3,65.6298
print-immediately_divisibility-threads,100000,1,1,1649.54
print-immediately_divisibility-threads,100000,1,2,1722.46
print-immediately_divisibility-threads,100000,1,3,1756.75
print-immediately_divisibility-threads,100000,2,1,1333.26
print-immediately_divisibility-threads,100000,2,2,1251.38
print-immediately_divisibility-threads,100000,2,3,1263.81
print-immediately_divisibility-threads,100000,4,1,1136.64
print-immediately_divisibility-threads,100000,4,2,1146.6
print-immediately_divisibility-threads,100000,4,3,1134.41
print-immediately_divisibility-threads,100000,8,1,1078.82
print-immediately_divisibility-threads,100000,8,2,1059.2
print-immediately_divisibility-threads,100000,8,3,1074.4
print-immediately_divisibility-threads,100000,16,1,1147.17
print-immediately_divisibility-threads,100000,16,2,1179.28
print-immediately_divisibility-threads,100000,16,3,1169.51
print-immediately_divisibility-threads,100000,32,1,1166.83
print-immediately_divisibility-threads,100000,32,2,1170.75
print-immediately_divisibility-threads,100000,32,3,1152.98
print-at-end_straight-division,100000,0,1,32.2116
print-at-end_straight-division,100000,0,2,22.823
print-at-end_straight-division,100000,0,3,22.9692
print-at-end_straight-division,100000,1,1,22.651
print-at-end_straight-division,100000,1,2,22.8302
print-at-end_straight-division,100000,1,3,22.6418
print-at-end_straight-division,100000,2,1,11.6946
print-at-end_straight-division,100000,2,2,12.123
print-at-end_straight-division,100000,2,3,11.6955
print-at-end_straight-division,100000,4,1,7.95454
print-at-end_straight-division,100000,4,2,6.22637
print-at-end_straight-division,100000,4,3,6.16287
print-at-end_straight-division,100000,8,1,4.09704
print-at-end_straight-division,100000,8,2,4.11533
print-at-end_straight-division,100000,8,3,4.98579
print-at-end_straight-division,100000,16,1,4.95292
print-at-end_straight-division,100000,16,2,3.94183
print-at-end_straight-division,100000,16,3,3.60483
print-at-end_straight-division,100000,32,1,3.51379
print-at-end_straight-division,100000,32,2,3.81767
print-at-end_straight-division,100000,32,3,4.05017
print-at-end_divisibility-threads,100000,0,1,22.8573
print-at-end_divisibility-threads,100000,0,2,23.0326
print-at-end_divisibility-threads,100000,0,3,22.9583
print-at-end_divisibility-threads,100000,1,1,1705.74
print-at-end_divisibility-threads,100000,1,2,1701.97
print-at-end_divisibility-threads,100000,1,3,1804.51
print-at-end_divisibility-threads,100000,2,1,1371.75
print-at-end_divisibility-threads,100000,2,2,1372.41
print-at-end_divisibility-threads,100000,2,3,1255.12
print-at-end_divisibility-threads,100000,4,1,1092.08
print-at-end_divisibility-threads,100000,4,2,1100.24
print-at-end_divisibility-threads,100000,4,3,1107.19
print-at-end_divisibility-threads,100000,8,1,1157.95
print-at-end_divisibility-threads,100000,8,2,1166.65
print-at-end_divisibility-threads,100000,8,3,1138.51
print-at-end_divisibility-threads,100000,16,1,1147.3
print-at-end_divisibility-threads,100000,16,2,1156.67
print-at-end_divisibility-threads,100000,16,3,1134.28
print-at-end_divisibility-threads,100000,32,1,1150.92
print-at-end_divisibility-threads,100000,32,2,1174.84
print-at-end_divisibility-threads,100000,32,3,1164.57
